
INSERT INTO `balance` (`idBalance`, `anio`, `idEmpresa`, `created_at`, `updated_at`) VALUES
(7, 2018, 2, '2021-11-05 14:27:43', '2021-11-05 14:27:43'),
(8, 2018, 3, '2021-11-05 14:37:20', '2021-11-05 14:37:20'),
(9, 2019, 3, '2021-11-05 14:37:35', '2021-11-05 14:37:35'),
(10, 2019, 2, '2021-11-05 14:40:12', '2021-11-05 14:40:12'),
(11, 2018, 1, '2021-11-05 14:47:24', '2021-11-05 14:47:24'),
(13, 2019, 1, '2021-11-05 14:48:03', '2021-11-05 14:48:03');


INSERT INTO `detalleBalance` (`idDetalleBalance`, `idBalance`, `idCuenta`, `saldo`, `created_at`, `updated_at`) VALUES
(1, 7, 2, '0.00', '2021-11-05 14:27:44', '2021-11-05 14:27:44'),
(2, 7, 6, '3000.00', '2021-11-05 14:27:44', '2021-11-05 14:27:44'),
(3, 7, 8, '29200.00', '2021-11-05 14:27:44', '2021-11-05 14:27:44'),
(4, 7, 20, '6458.00', '2021-11-05 14:27:44', '2021-11-05 14:27:44'),
(5, 7, 34, '16343.00', '2021-11-05 14:27:44', '2021-11-05 14:27:44'),
(6, 7, 53, '1200.00', '2021-11-05 14:27:44', '2021-11-05 14:27:44'),
(7, 7, 60, '2550.00', '2021-11-05 14:27:44', '2021-11-05 14:27:44'),
(8, 7, 3, '58751.00', '2021-11-05 14:27:44', '2021-11-05 14:27:44'),
(9, 7, 69, '0.00', '2021-11-05 14:27:44', '2021-11-05 14:27:44'),
(10, 7, 73, '75000.00', '2021-11-05 14:27:44', '2021-11-05 14:27:44'),
(11, 7, 74, '9765.00', '2021-11-05 14:27:44', '2021-11-05 14:27:44'),
(12, 7, 70, '1500.00', '2021-11-05 14:27:44', '2021-11-05 14:27:44'),
(13, 7, 25, '6766.00', '2021-11-05 14:27:44', '2021-11-05 14:27:44'),
(14, 7, 68, '93031.00', '2021-11-05 14:27:44', '2021-11-05 14:27:44'),
(15, 7, 1, '151782.00', '2021-11-05 14:27:44', '2021-11-05 14:27:44'),
(16, 7, 146, '0.00', '2021-11-05 14:27:44', '2021-11-05 14:27:44'),
(17, 7, 148, '0.00', '2021-11-05 14:27:44', '2021-11-05 14:27:44'),
(18, 7, 150, '26119.50', '2021-11-05 14:27:44', '2021-11-05 14:27:44'),
(19, 7, 160, '16930.00', '2021-11-05 14:27:44', '2021-11-05 14:27:44'),
(20, 7, 170, '4542.00', '2021-11-05 14:27:44', '2021-11-05 14:27:44'),
(21, 7, 211, '2005.00', '2021-11-05 14:27:44', '2021-11-05 14:27:44'),
(22, 7, 147, '49596.50', '2021-11-05 14:27:44', '2021-11-05 14:27:44'),
(23, 7, 226, '0.00', '2021-11-05 14:27:44', '2021-11-05 14:27:44'),
(24, 7, 229, '18033.00', '2021-11-05 14:27:44', '2021-11-05 14:27:44'),
(25, 7, 239, '2165.00', '2021-11-05 14:27:44', '2021-11-05 14:27:44'),
(26, 7, 225, '20198.00', '2021-11-05 14:27:44', '2021-11-05 14:27:44'),
(27, 7, 145, '69794.50', '2021-11-05 14:27:44', '2021-11-05 14:27:44'),
(28, 7, 247, '0.00', '2021-11-05 14:27:44', '2021-11-05 14:27:44'),
(29, 7, 249, '25000.00', '2021-11-05 14:27:44', '2021-11-05 14:27:44'),
(30, 7, 257, '1750.00', '2021-11-05 14:27:45', '2021-11-05 14:27:45'),
(31, 7, 261, '55237.50', '2021-11-05 14:27:45', '2021-11-05 14:27:45'),
(32, 7, 246, '81987.50', '2021-11-05 14:27:45', '2021-11-05 14:27:45'),
(33, 7, 67, '151782.00', '2021-11-05 14:27:45', '2021-11-05 14:27:45'),
(34, 8, 2, '0.00', '2021-11-05 14:37:20', '2021-11-05 14:37:20'),
(35, 8, 4, '0.00', '2021-11-05 14:37:20', '2021-11-05 14:37:20'),
(36, 8, 5, '147425.00', '2021-11-05 14:37:20', '2021-11-05 14:37:20'),
(37, 8, 20, '15458.00', '2021-11-05 14:37:20', '2021-11-05 14:37:20'),
(38, 8, 25, '20794.00', '2021-11-05 14:37:20', '2021-11-05 14:37:20'),
(39, 8, 34, '56858.00', '2021-11-05 14:37:20', '2021-11-05 14:37:20'),
(40, 8, 47, '20606.00', '2021-11-05 14:37:20', '2021-11-05 14:37:20'),
(41, 8, 52, '1850.00', '2021-11-05 14:37:20', '2021-11-05 14:37:20'),
(42, 8, 3, '262991.00', '2021-11-05 14:37:20', '2021-11-05 14:37:20'),
(43, 8, 69, '0.00', '2021-11-05 14:37:20', '2021-11-05 14:37:20'),
(44, 8, 70, '18991.00', '2021-11-05 14:37:20', '2021-11-05 14:37:20'),
(45, 8, 25, '8466.00', '2021-11-05 14:37:20', '2021-11-05 14:37:20'),
(46, 8, 68, '27457.00', '2021-11-05 14:37:20', '2021-11-05 14:37:20'),
(47, 8, 1, '290448.00', '2021-11-05 14:37:20', '2021-11-05 14:37:20'),
(48, 8, 146, '0.00', '2021-11-05 14:37:20', '2021-11-05 14:37:20'),
(49, 8, 148, '0.00', '2021-11-05 14:37:20', '2021-11-05 14:37:20'),
(50, 8, 159, '24104.00', '2021-11-05 14:37:20', '2021-11-05 14:37:20'),
(51, 8, 163, '15804.00', '2021-11-05 14:37:20', '2021-11-05 14:37:20'),
(52, 8, 170, '6528.00', '2021-11-05 14:37:20', '2021-11-05 14:37:20'),
(53, 8, 211, '9876.50', '2021-11-05 14:37:20', '2021-11-05 14:37:20'),
(54, 8, 147, '56312.50', '2021-11-05 14:37:20', '2021-11-05 14:37:20'),
(55, 8, 226, '0.00', '2021-11-05 14:37:20', '2021-11-05 14:37:20'),
(56, 8, 229, '13033.00', '2021-11-05 14:37:20', '2021-11-05 14:37:20'),
(57, 8, 214, '1165.00', '2021-11-05 14:37:20', '2021-11-05 14:37:20'),
(58, 8, 225, '14198.00', '2021-11-05 14:37:20', '2021-11-05 14:37:20'),
(59, 8, 145, '70510.50', '2021-11-05 14:37:20', '2021-11-05 14:37:20'),
(60, 8, 247, '0.00', '2021-11-05 14:37:20', '2021-11-05 14:37:20'),
(61, 8, 249, '20000.00', '2021-11-05 14:37:21', '2021-11-05 14:37:21'),
(62, 8, 257, '1400.00', '2021-11-05 14:37:21', '2021-11-05 14:37:21'),
(63, 8, 261, '198537.50', '2021-11-05 14:37:21', '2021-11-05 14:37:21'),
(64, 8, 246, '219937.50', '2021-11-05 14:37:21', '2021-11-05 14:37:21'),
(65, 8, 67, '290448.00', '2021-11-05 14:37:21', '2021-11-05 14:37:21'),
(66, 9, 2, '0.00', '2021-11-05 14:37:35', '2021-11-05 14:37:35'),
(67, 9, 4, '0.00', '2021-11-05 14:37:35', '2021-11-05 14:37:35'),
(68, 9, 5, '124643.00', '2021-11-05 14:37:35', '2021-11-05 14:37:35'),
(69, 9, 20, '35868.00', '2021-11-05 14:37:35', '2021-11-05 14:37:35'),
(70, 9, 25, '20341.00', '2021-11-05 14:37:35', '2021-11-05 14:37:35'),
(71, 9, 34, '31921.00', '2021-11-05 14:37:35', '2021-11-05 14:37:35'),
(72, 9, 47, '13698.00', '2021-11-05 14:37:35', '2021-11-05 14:37:35'),
(73, 9, 52, '2001.00', '2021-11-05 14:37:35', '2021-11-05 14:37:35'),
(74, 9, 3, '228472.00', '2021-11-05 14:37:35', '2021-11-05 14:37:35'),
(75, 9, 69, '0.00', '2021-11-05 14:37:35', '2021-11-05 14:37:35'),
(76, 9, 70, '17784.00', '2021-11-05 14:37:35', '2021-11-05 14:37:35'),
(77, 9, 25, '9914.00', '2021-11-05 14:37:35', '2021-11-05 14:37:35'),
(78, 9, 68, '27698.00', '2021-11-05 14:37:35', '2021-11-05 14:37:35'),
(79, 9, 1, '256170.00', '2021-11-05 14:37:35', '2021-11-05 14:37:35'),
(80, 9, 146, '0.00', '2021-11-05 14:37:35', '2021-11-05 14:37:35'),
(81, 9, 148, '0.00', '2021-11-05 14:37:35', '2021-11-05 14:37:35'),
(82, 9, 159, '3340.00', '2021-11-05 14:37:35', '2021-11-05 14:37:35'),
(83, 9, 163, '3344.00', '2021-11-05 14:37:35', '2021-11-05 14:37:35'),
(84, 9, 170, '8504.00', '2021-11-05 14:37:35', '2021-11-05 14:37:35'),
(85, 9, 211, '6000.00', '2021-11-05 14:37:35', '2021-11-05 14:37:35'),
(86, 9, 147, '21188.00', '2021-11-05 14:37:35', '2021-11-05 14:37:35'),
(87, 9, 226, '0.00', '2021-11-05 14:37:35', '2021-11-05 14:37:35'),
(88, 9, 229, '5296.00', '2021-11-05 14:37:35', '2021-11-05 14:37:35'),
(89, 9, 214, '1941.00', '2021-11-05 14:37:35', '2021-11-05 14:37:35'),
(90, 9, 225, '7237.00', '2021-11-05 14:37:35', '2021-11-05 14:37:35'),
(91, 9, 145, '28425.00', '2021-11-05 14:37:35', '2021-11-05 14:37:35'),
(92, 9, 247, '0.00', '2021-11-05 14:37:35', '2021-11-05 14:37:35'),
(93, 9, 249, '20000.00', '2021-11-05 14:37:35', '2021-11-05 14:37:35'),
(94, 9, 257, '1400.00', '2021-11-05 14:37:35', '2021-11-05 14:37:35'),
(95, 9, 261, '206345.00', '2021-11-05 14:37:35', '2021-11-05 14:37:35'),
(96, 9, 246, '227745.00', '2021-11-05 14:37:35', '2021-11-05 14:37:35'),
(97, 9, 67, '256170.00', '2021-11-05 14:37:35', '2021-11-05 14:37:35'),
(98, 10, 2, '0.00', '2021-11-05 14:40:12', '2021-11-05 14:40:12'),
(99, 10, 6, '3000.00', '2021-11-05 14:40:12', '2021-11-05 14:40:12'),
(100, 10, 8, '33400.00', '2021-11-05 14:40:12', '2021-11-05 14:40:12'),
(101, 10, 20, '8868.00', '2021-11-05 14:40:12', '2021-11-05 14:40:12'),
(102, 10, 34, '19400.00', '2021-11-05 14:40:12', '2021-11-05 14:40:12'),
(103, 10, 53, '1200.00', '2021-11-05 14:40:12', '2021-11-05 14:40:12'),
(104, 10, 60, '1678.00', '2021-11-05 14:40:12', '2021-11-05 14:40:12'),
(105, 10, 3, '67546.00', '2021-11-05 14:40:12', '2021-11-05 14:40:12'),
(106, 10, 69, '0.00', '2021-11-05 14:40:12', '2021-11-05 14:40:12'),
(107, 10, 73, '72000.00', '2021-11-05 14:40:12', '2021-11-05 14:40:12'),
(108, 10, 74, '7300.00', '2021-11-05 14:40:12', '2021-11-05 14:40:12'),
(109, 10, 70, '1200.00', '2021-11-05 14:40:12', '2021-11-05 14:40:12'),
(110, 10, 25, '8914.00', '2021-11-05 14:40:12', '2021-11-05 14:40:12'),
(111, 10, 68, '89414.00', '2021-11-05 14:40:12', '2021-11-05 14:40:12'),
(112, 10, 1, '156960.00', '2021-11-05 14:40:12', '2021-11-05 14:40:12'),
(113, 10, 146, '0.00', '2021-11-05 14:40:12', '2021-11-05 14:40:12'),
(114, 10, 148, '0.00', '2021-11-05 14:40:12', '2021-11-05 14:40:12'),
(115, 10, 150, '17040.00', '2021-11-05 14:40:13', '2021-11-05 14:40:13'),
(116, 10, 160, '14081.40', '2021-11-05 14:40:13', '2021-11-05 14:40:13'),
(117, 10, 170, '2006.00', '2021-11-05 14:40:13', '2021-11-05 14:40:13'),
(118, 10, 211, '747.60', '2021-11-05 14:40:13', '2021-11-05 14:40:13'),
(119, 10, 147, '33875.00', '2021-11-05 14:40:13', '2021-11-05 14:40:13'),
(120, 10, 226, '0.00', '2021-11-05 14:40:13', '2021-11-05 14:40:13'),
(121, 10, 229, '9105.50', '2021-11-05 14:40:13', '2021-11-05 14:40:13'),
(122, 10, 239, '1341.00', '2021-11-05 14:40:13', '2021-11-05 14:40:13'),
(123, 10, 225, '10446.50', '2021-11-05 14:40:13', '2021-11-05 14:40:13'),
(124, 10, 145, '44321.50', '2021-11-05 14:40:13', '2021-11-05 14:40:13'),
(125, 10, 247, '0.00', '2021-11-05 14:40:13', '2021-11-05 14:40:13'),
(126, 10, 249, '25000.00', '2021-11-05 14:40:13', '2021-11-05 14:40:13'),
(127, 10, 257, '1750.00', '2021-11-05 14:40:13', '2021-11-05 14:40:13'),
(128, 10, 261, '85888.50', '2021-11-05 14:40:13', '2021-11-05 14:40:13'),
(129, 10, 246, '112638.50', '2021-11-05 14:40:13', '2021-11-05 14:40:13'),
(130, 10, 67, '156960.00', '2021-11-05 14:40:13', '2021-11-05 14:40:13'),
(131, 11, 2, '0.00', '2021-11-05 14:47:24', '2021-11-05 14:47:24'),
(132, 11, 4, '0.00', '2021-11-05 14:47:24', '2021-11-05 14:47:24'),
(133, 11, 5, '27425.00', '2021-11-05 14:47:24', '2021-11-05 14:47:24'),
(134, 11, 20, '5458.00', '2021-11-05 14:47:24', '2021-11-05 14:47:24'),
(135, 11, 25, '2794.00', '2021-11-05 14:47:24', '2021-11-05 14:47:24'),
(136, 11, 60, '1678.00', '2021-11-05 14:47:24', '2021-11-05 14:47:24'),
(137, 11, 52, '2550.00', '2021-11-05 14:47:24', '2021-11-05 14:47:24'),
(138, 11, 3, '39905.00', '2021-11-05 14:47:24', '2021-11-05 14:47:24'),
(139, 11, 69, '0.00', '2021-11-05 14:47:24', '2021-11-05 14:47:24'),
(140, 11, 70, '1891.00', '2021-11-05 14:47:24', '2021-11-05 14:47:24'),
(141, 11, 25, '4766.00', '2021-11-05 14:47:24', '2021-11-05 14:47:24'),
(142, 11, 68, '6657.00', '2021-11-05 14:47:25', '2021-11-05 14:47:25'),
(143, 11, 1, '46562.00', '2021-11-05 14:47:25', '2021-11-05 14:47:25'),
(144, 11, 146, '0.00', '2021-11-05 14:47:25', '2021-11-05 14:47:25'),
(145, 11, 148, '0.00', '2021-11-05 14:47:25', '2021-11-05 14:47:25'),
(146, 11, 159, '2104.00', '2021-11-05 14:47:25', '2021-11-05 14:47:25'),
(147, 11, 163, '5904.00', '2021-11-05 14:47:25', '2021-11-05 14:47:25'),
(148, 11, 170, '1542.00', '2021-11-05 14:47:25', '2021-11-05 14:47:25'),
(149, 11, 211, '876.50', '2021-11-05 14:47:25', '2021-11-05 14:47:25'),
(150, 11, 147, '10426.50', '2021-11-05 14:47:25', '2021-11-05 14:47:25'),
(151, 11, 226, '0.00', '2021-11-05 14:47:25', '2021-11-05 14:47:25'),
(152, 11, 229, '9033.00', '2021-11-05 14:47:25', '2021-11-05 14:47:25'),
(153, 11, 214, '1165.00', '2021-11-05 14:47:25', '2021-11-05 14:47:25'),
(154, 11, 225, '10198.00', '2021-11-05 14:47:25', '2021-11-05 14:47:25'),
(155, 11, 145, '20624.50', '2021-11-05 14:47:25', '2021-11-05 14:47:25'),
(156, 11, 247, '0.00', '2021-11-05 14:47:25', '2021-11-05 14:47:25'),
(157, 11, 249, '10000.00', '2021-11-05 14:47:25', '2021-11-05 14:47:25'),
(158, 11, 257, '700.00', '2021-11-05 14:47:25', '2021-11-05 14:47:25'),
(159, 11, 261, '15237.50', '2021-11-05 14:47:25', '2021-11-05 14:47:25'),
(160, 11, 246, '25937.50', '2021-11-05 14:47:25', '2021-11-05 14:47:25'),
(161, 11, 67, '46562.00', '2021-11-05 14:47:25', '2021-11-05 14:47:25'),
(193, 13, 2, '0.00', '2021-11-05 14:48:03', '2021-11-05 14:48:03'),
(194, 13, 4, '0.00', '2021-11-05 14:48:03', '2021-11-05 14:48:03'),
(195, 13, 5, '22643.00', '2021-11-05 14:48:03', '2021-11-05 14:48:03'),
(196, 13, 20, '5868.00', '2021-11-05 14:48:03', '2021-11-05 14:48:03'),
(197, 13, 25, '2341.00', '2021-11-05 14:48:03', '2021-11-05 14:48:03'),
(198, 13, 60, '1625.00', '2021-11-05 14:48:03', '2021-11-05 14:48:03'),
(199, 13, 52, '1678.00', '2021-11-05 14:48:04', '2021-11-05 14:48:04'),
(200, 13, 3, '34155.00', '2021-11-05 14:48:04', '2021-11-05 14:48:04'),
(201, 13, 69, '0.00', '2021-11-05 14:48:04', '2021-11-05 14:48:04'),
(202, 13, 70, '1784.00', '2021-11-05 14:48:04', '2021-11-05 14:48:04'),
(203, 13, 25, '6914.00', '2021-11-05 14:48:04', '2021-11-05 14:48:04'),
(204, 13, 68, '8698.00', '2021-11-05 14:48:04', '2021-11-05 14:48:04'),
(205, 13, 1, '42853.00', '2021-11-05 14:48:04', '2021-11-05 14:48:04'),
(206, 13, 146, '0.00', '2021-11-05 14:48:04', '2021-11-05 14:48:04'),
(207, 13, 148, '0.00', '2021-11-05 14:48:04', '2021-11-05 14:48:04'),
(208, 13, 159, '3340.00', '2021-11-05 14:48:04', '2021-11-05 14:48:04'),
(209, 13, 163, '2381.40', '2021-11-05 14:48:04', '2021-11-05 14:48:04'),
(210, 13, 170, '1504.00', '2021-11-05 14:48:04', '2021-11-05 14:48:04'),
(211, 13, 211, '645.60', '2021-11-05 14:48:04', '2021-11-05 14:48:04'),
(212, 13, 147, '7871.00', '2021-11-05 14:48:04', '2021-11-05 14:48:04'),
(213, 13, 226, '0.00', '2021-11-05 14:48:04', '2021-11-05 14:48:04'),
(214, 13, 229, '2033.00', '2021-11-05 14:48:04', '2021-11-05 14:48:04'),
(215, 13, 214, '1941.00', '2021-11-05 14:48:04', '2021-11-05 14:48:04'),
(216, 13, 225, '3974.00', '2021-11-05 14:48:04', '2021-11-05 14:48:04'),
(217, 13, 145, '11845.00', '2021-11-05 14:48:04', '2021-11-05 14:48:04'),
(218, 13, 247, '0.00', '2021-11-05 14:48:04', '2021-11-05 14:48:04'),
(219, 13, 249, '10000.00', '2021-11-05 14:48:04', '2021-11-05 14:48:04'),
(220, 13, 257, '700.00', '2021-11-05 14:48:04', '2021-11-05 14:48:04'),
(221, 13, 261, '20308.00', '2021-11-05 14:48:04', '2021-11-05 14:48:04'),
(222, 13, 246, '31008.00', '2021-11-05 14:48:04', '2021-11-05 14:48:04'),
(223, 13, 67, '42853.00', '2021-11-05 14:48:04', '2021-11-05 14:48:04');


INSERT INTO `estadoResultado` (`idEstadoResultado`, `anio`, `idEmpresa`, `created_at`, `updated_at`) VALUES
(1, 2018, 2, '2021-11-05 14:06:48', '2021-11-05 14:06:48'),
(2, 2019, 2, '2021-11-05 14:07:11', '2021-11-05 14:07:11'),
(3, 2018, 3, '2021-11-05 14:37:44', '2021-11-05 14:37:44'),
(4, 2019, 3, '2021-11-05 14:37:54', '2021-11-05 14:37:54'),
(5, 2018, 1, '2021-11-05 14:48:40', '2021-11-05 14:48:40'),
(6, 2019, 1, '2021-11-05 14:48:52', '2021-11-05 14:48:52');

INSERT INTO `detalleEstadoResultado` (`idDetalleEstadoResultado`, `idEstadoResultado`, `idCuenta`, `saldo`, `created_at`, `updated_at`) VALUES
(1, 1, 371, '189700.00', '2021-11-05 14:06:48', '2021-11-05 14:06:48'),
(2, 1, 272, '132790.00', '2021-11-05 14:06:49', '2021-11-05 14:06:49'),
(3, 1, 258, '56910.00', '2021-11-05 14:06:49', '2021-11-05 14:06:49'),
(4, 1, 280, '14711.00', '2021-11-05 14:06:49', '2021-11-05 14:06:49'),
(5, 1, 322, '6448.00', '2021-11-05 14:06:49', '2021-11-05 14:06:49'),
(6, 1, 362, '1103.00', '2021-11-05 14:06:49', '2021-11-05 14:06:49'),
(7, 1, 260, '34648.00', '2021-11-05 14:06:49', '2021-11-05 14:06:49'),
(8, 1, 64, '8662.00', '2021-11-05 14:06:49', '2021-11-05 14:06:49'),
(9, 1, 259, '25986.00', '2021-11-05 14:06:49', '2021-11-05 14:06:49'),
(10, 2, 371, '225600.00', '2021-11-05 14:07:12', '2021-11-05 14:07:12'),
(11, 2, 272, '157920.00', '2021-11-05 14:07:12', '2021-11-05 14:07:12'),
(12, 2, 258, '67680.00', '2021-11-05 14:07:12', '2021-11-05 14:07:12'),
(13, 2, 280, '16345.00', '2021-11-05 14:07:12', '2021-11-05 14:07:12'),
(14, 2, 322, '8678.00', '2021-11-05 14:07:12', '2021-11-05 14:07:12'),
(15, 2, 362, '1789.00', '2021-11-05 14:07:12', '2021-11-05 14:07:12'),
(16, 2, 260, '40868.00', '2021-11-05 14:07:12', '2021-11-05 14:07:12'),
(17, 2, 64, '10217.00', '2021-11-05 14:07:12', '2021-11-05 14:07:12'),
(18, 2, 259, '30651.00', '2021-11-05 14:07:12', '2021-11-05 14:07:12'),
(19, 3, 371, '448603.00', '2021-11-05 14:37:44', '2021-11-05 14:37:44'),
(20, 3, 272, '358882.40', '2021-11-05 14:37:44', '2021-11-05 14:37:44'),
(21, 3, 258, '89720.60', '2021-11-05 14:37:45', '2021-11-05 14:37:45'),
(22, 3, 378, '200.00', '2021-11-05 14:37:45', '2021-11-05 14:37:45'),
(23, 3, 279, '0.00', '2021-11-05 14:37:45', '2021-11-05 14:37:45'),
(24, 3, 280, '27411.00', '2021-11-05 14:37:45', '2021-11-05 14:37:45'),
(25, 3, 322, '50448.00', '2021-11-05 14:37:45', '2021-11-05 14:37:45'),
(26, 3, 362, '1013.00', '2021-11-05 14:37:45', '2021-11-05 14:37:45'),
(27, 3, 260, '11048.60', '2021-11-05 14:37:45', '2021-11-05 14:37:45'),
(28, 3, 64, '3314.58', '2021-11-05 14:37:45', '2021-11-05 14:37:45'),
(29, 3, 259, '7734.02', '2021-11-05 14:37:45', '2021-11-05 14:37:45'),
(30, 4, 371, '420113.00', '2021-11-05 14:37:55', '2021-11-05 14:37:55'),
(31, 4, 272, '336090.40', '2021-11-05 14:37:55', '2021-11-05 14:37:55'),
(32, 4, 258, '84022.60', '2021-11-05 14:37:55', '2021-11-05 14:37:55'),
(33, 4, 378, '550.00', '2021-11-05 14:37:55', '2021-11-05 14:37:55'),
(34, 4, 279, '0.00', '2021-11-05 14:37:55', '2021-11-05 14:37:55'),
(35, 4, 280, '23628.10', '2021-11-05 14:37:55', '2021-11-05 14:37:55'),
(36, 4, 322, '48809.00', '2021-11-05 14:37:55', '2021-11-05 14:37:55'),
(37, 4, 362, '981.93', '2021-11-05 14:37:55', '2021-11-05 14:37:55'),
(38, 4, 260, '11153.57', '2021-11-05 14:37:55', '2021-11-05 14:37:55'),
(39, 4, 64, '3346.07', '2021-11-05 14:37:55', '2021-11-05 14:37:55'),
(40, 4, 259, '7807.50', '2021-11-05 14:37:55', '2021-11-05 14:37:55'),
(41, 5, 371, '148603.00', '2021-11-05 14:48:41', '2021-11-05 14:48:41'),
(42, 5, 271, '118882.40', '2021-11-05 14:48:41', '2021-11-05 14:48:41'),
(43, 5, 258, '29720.60', '2021-11-05 14:48:41', '2021-11-05 14:48:41'),
(44, 5, 378, '25.00', '2021-11-05 14:48:41', '2021-11-05 14:48:41'),
(45, 5, 279, '0.00', '2021-11-05 14:48:41', '2021-11-05 14:48:41'),
(46, 5, 280, '12711.00', '2021-11-05 14:48:41', '2021-11-05 14:48:41'),
(47, 5, 322, '5448.00', '2021-11-05 14:48:41', '2021-11-05 14:48:41'),
(48, 5, 362, '103.00', '2021-11-05 14:48:42', '2021-11-05 14:48:42'),
(49, 5, 260, '11483.60', '2021-11-05 14:48:42', '2021-11-05 14:48:42'),
(50, 5, 64, '3445.08', '2021-11-05 14:48:42', '2021-11-05 14:48:42'),
(51, 5, 259, '8038.52', '2021-11-05 14:48:42', '2021-11-05 14:48:42'),
(52, 6, 371, '140113.00', '2021-11-05 14:48:53', '2021-11-05 14:48:53'),
(53, 6, 271, '112090.40', '2021-11-05 14:48:53', '2021-11-05 14:48:53'),
(54, 6, 258, '28022.60', '2021-11-05 14:48:53', '2021-11-05 14:48:53'),
(55, 6, 378, '550.00', '2021-11-05 14:48:53', '2021-11-05 14:48:53'),
(56, 6, 279, '0.00', '2021-11-05 14:48:53', '2021-11-05 14:48:53'),
(57, 6, 280, '13638.10', '2021-11-05 14:48:53', '2021-11-05 14:48:53'),
(58, 6, 322, '6889.00', '2021-11-05 14:48:53', '2021-11-05 14:48:53'),
(59, 6, 362, '801.93', '2021-11-05 14:48:53', '2021-11-05 14:48:53'),
(60, 6, 260, '7243.57', '2021-11-05 14:48:53', '2021-11-05 14:48:53'),
(61, 6, 64, '2173.07', '2021-11-05 14:48:53', '2021-11-05 14:48:53'),
(62, 6, 259, '5070.50', '2021-11-05 14:48:53', '2021-11-05 14:48:53');



INSERT INTO `detalleRatio` (`idDetalleRatio`, `anio`, `valorRatio`, `idRatio`, `idEmpresa`, `idComportamiento`, `created_at`, `updated_at`) VALUES
(72, 2018, '4.67', 1, 3, 1, '2021-11-05 14:38:12', '2021-11-05 14:38:12'),
(73, 2018, '3.66', 2, 3, 1, '2021-11-05 14:38:12', '2021-11-05 14:38:12'),
(74, 2018, '0.71', 3, 3, 1, '2021-11-05 14:38:13', '2021-11-05 14:38:13'),
(75, 2018, '2.62', 4, 3, 1, '2021-11-05 14:38:13', '2021-11-05 14:38:13'),
(76, 2018, '753.78', 5, 3, 1, '2021-11-05 14:38:13', '2021-11-05 14:38:13'),
(77, 2018, '206678.50', 6, 3, 1, '2021-11-05 14:38:14', '2021-11-05 14:38:14'),
(78, 2018, '6.31', 7, 3, 1, '2021-11-05 14:38:14', '2021-11-05 14:38:14'),
(79, 2018, '57.83', 8, 3, 1, '2021-11-05 14:38:14', '2021-11-05 14:38:14'),
(80, 2018, '29.02', 9, 3, 1, '2021-11-05 14:38:14', '2021-11-05 14:38:14'),
(81, 2018, '12.58', 10, 3, 1, '2021-11-05 14:38:14', '2021-11-05 14:38:14'),
(82, 2018, '14.89', 11, 3, 1, '2021-11-05 14:38:15', '2021-11-05 14:38:15'),
(83, 2018, '24.51', 12, 3, 1, '2021-11-05 14:38:15', '2021-11-05 14:38:15'),
(84, 2018, '1.54', 13, 3, 1, '2021-11-05 14:38:15', '2021-11-05 14:38:15'),
(85, 2018, '23.62', 14, 3, 1, '2021-11-05 14:38:15', '2021-11-05 14:38:15'),
(86, 2018, '0.20', 15, 3, 1, '2021-11-05 14:38:16', '2021-11-05 14:38:16'),
(87, 2018, '0.02', 16, 3, 1, '2021-11-05 14:38:16', '2021-11-05 14:38:16'),
(88, 2018, '0.24', 17, 3, 1, '2021-11-05 14:38:16', '2021-11-05 14:38:16'),
(89, 2018, '0.76', 18, 3, 1, '2021-11-05 14:38:16', '2021-11-05 14:38:16'),
(90, 2018, '0.32', 19, 3, 1, '2021-11-05 14:38:17', '2021-11-05 14:38:17'),
(91, 2018, '11.91', 20, 3, 1, '2021-11-05 14:38:17', '2021-11-05 14:38:17'),
(92, 2018, '0.04', 21, 3, 1, '2021-11-05 14:38:17', '2021-11-05 14:38:17'),
(93, 2018, '77.34', 22, 3, 1, '2021-11-05 14:38:17', '2021-11-05 14:38:17'),
(94, 2018, '0.03', 23, 3, 1, '2021-11-05 14:38:18', '2021-11-05 14:38:18'),
(95, 2018, '0.02', 24, 3, 1, '2021-11-05 14:38:18', '2021-11-05 14:38:18'),
(96, 2018, '0.25', 25, 3, 1, '2021-11-05 14:38:18', '2021-11-05 14:38:18'),
(97, 2019, '10.78', 1, 3, 1, '2021-11-05 14:38:18', '2021-11-05 14:38:18'),
(98, 2019, '9.28', 2, 3, 1, '2021-11-05 14:38:18', '2021-11-05 14:38:18'),
(99, 2019, '0.81', 3, 3, 1, '2021-11-05 14:38:19', '2021-11-05 14:38:19'),
(100, 2019, '5.88', 4, 3, 1, '2021-11-05 14:38:19', '2021-11-05 14:38:19'),
(101, 2019, '797.97', 5, 3, 1, '2021-11-05 14:38:19', '2021-11-05 14:38:19'),
(102, 2019, '207284.00', 6, 3, 1, '2021-11-05 14:38:19', '2021-11-05 14:38:19'),
(103, 2019, '7.57', 7, 3, 1, '2021-11-05 14:38:19', '2021-11-05 14:38:19'),
(104, 2019, '48.21', 8, 3, 1, '2021-11-05 14:38:20', '2021-11-05 14:38:20'),
(105, 2019, '16.37', 9, 3, 1, '2021-11-05 14:38:20', '2021-11-05 14:38:20'),
(106, 2019, '22.30', 10, 3, 1, '2021-11-05 14:38:20', '2021-11-05 14:38:20'),
(107, 2019, '24.49', 11, 3, 1, '2021-11-05 14:38:20', '2021-11-05 14:38:20'),
(108, 2019, '14.90', 12, 3, 1, '2021-11-05 14:38:20', '2021-11-05 14:38:20'),
(109, 2019, '1.54', 13, 3, 1, '2021-11-05 14:38:20', '2021-11-05 14:38:20'),
(110, 2019, '22.85', 14, 3, 1, '2021-11-05 14:38:21', '2021-11-05 14:38:21'),
(111, 2019, '0.20', 15, 3, 1, '2021-11-05 14:38:21', '2021-11-05 14:38:21'),
(112, 2019, '0.03', 16, 3, 1, '2021-11-05 14:38:21', '2021-11-05 14:38:21'),
(113, 2019, '0.11', 17, 3, 1, '2021-11-05 14:38:21', '2021-11-05 14:38:21'),
(114, 2019, '0.89', 18, 3, 1, '2021-11-05 14:38:21', '2021-11-05 14:38:21'),
(115, 2019, '0.12', 19, 3, 1, '2021-11-05 14:38:21', '2021-11-05 14:38:21'),
(116, 2019, '12.36', 20, 3, 1, '2021-11-05 14:38:21', '2021-11-05 14:38:21'),
(117, 2019, '0.03', 21, 3, 1, '2021-11-05 14:38:21', '2021-11-05 14:38:21'),
(118, 2019, '78.08', 22, 3, 1, '2021-11-05 14:38:22', '2021-11-05 14:38:22'),
(119, 2019, '0.03', 23, 3, 1, '2021-11-05 14:38:22', '2021-11-05 14:38:22'),
(120, 2019, '0.02', 24, 3, 1, '2021-11-05 14:38:22', '2021-11-05 14:38:22'),
(121, 2019, '0.25', 25, 3, 1, '2021-11-05 14:38:22', '2021-11-05 14:38:22'),
(122, 2018, '1.18', 1, 2, 1, '2021-11-05 14:40:29', '2021-11-05 14:40:29'),
(123, 2018, '0.86', 2, 2, 1, '2021-11-05 14:40:29', '2021-11-05 14:40:29'),
(124, 2018, '0.06', 3, 2, 1, '2021-11-05 14:40:29', '2021-11-05 14:40:29'),
(125, 2018, '5.10', 4, 2, 1, '2021-11-05 14:40:29', '2021-11-05 14:40:29'),
(126, 2018, '105.88', 5, 2, 1, '2021-11-05 14:40:29', '2021-11-05 14:40:29'),
(127, 2018, '9154.50', 6, 2, 1, '2021-11-05 14:40:29', '2021-11-05 14:40:29'),
(128, 2018, '8.13', 7, 2, 1, '2021-11-05 14:40:30', '2021-11-05 14:40:30'),
(129, 2018, '44.92', 8, 2, 1, '2021-11-05 14:40:30', '2021-11-05 14:40:30'),
(130, 2018, '29.37', 9, 2, 1, '2021-11-05 14:40:30', '2021-11-05 14:40:30'),
(131, 2018, '12.43', 10, 2, 1, '2021-11-05 14:40:30', '2021-11-05 14:40:30'),
(132, 2018, '5.08', 11, 2, 1, '2021-11-05 14:40:31', '2021-11-05 14:40:31'),
(133, 2018, '71.79', 12, 2, 1, '2021-11-05 14:40:31', '2021-11-05 14:40:31'),
(134, 2018, '1.25', 13, 2, 1, '2021-11-05 14:40:31', '2021-11-05 14:40:31'),
(135, 2018, '126.47', 14, 2, 1, '2021-11-05 14:40:31', '2021-11-05 14:40:31'),
(136, 2018, '0.30', 15, 2, 1, '2021-11-05 14:40:31', '2021-11-05 14:40:31'),
(137, 2018, '0.18', 16, 2, 1, '2021-11-05 14:40:31', '2021-11-05 14:40:31'),
(138, 2018, '0.46', 17, 2, 1, '2021-11-05 14:40:31', '2021-11-05 14:40:31'),
(139, 2018, '0.54', 18, 2, 1, '2021-11-05 14:40:32', '2021-11-05 14:40:32'),
(140, 2018, '0.85', 19, 2, 1, '2021-11-05 14:40:32', '2021-11-05 14:40:32'),
(141, 2018, '32.41', 20, 2, 1, '2021-11-05 14:40:32', '2021-11-05 14:40:32'),
(142, 2018, '0.32', 21, 2, 1, '2021-11-05 14:40:32', '2021-11-05 14:40:32'),
(143, 2018, '259.86', 22, 2, 1, '2021-11-05 14:40:32', '2021-11-05 14:40:32'),
(144, 2018, '0.17', 23, 2, 1, '2021-11-05 14:40:32', '2021-11-05 14:40:32'),
(145, 2018, '0.14', 24, 2, 1, '2021-11-05 14:40:32', '2021-11-05 14:40:32'),
(146, 2018, '0.43', 25, 2, 1, '2021-11-05 14:40:32', '2021-11-05 14:40:32'),
(147, 2019, '1.99', 1, 2, 1, '2021-11-05 14:40:33', '2021-11-05 14:40:33'),
(148, 2019, '1.42', 2, 2, 1, '2021-11-05 14:40:33', '2021-11-05 14:40:33'),
(149, 2019, '0.21', 3, 2, 1, '2021-11-05 14:40:33', '2021-11-05 14:40:33'),
(150, 2019, '13.65', 4, 2, 1, '2021-11-05 14:40:33', '2021-11-05 14:40:33'),
(151, 2019, '120.72', 5, 2, 1, '2021-11-05 14:40:33', '2021-11-05 14:40:33'),
(152, 2019, '33671.00', 6, 2, 1, '2021-11-05 14:40:33', '2021-11-05 14:40:33'),
(153, 2019, '8.84', 7, 2, 1, '2021-11-05 14:40:33', '2021-11-05 14:40:33'),
(154, 2019, '41.31', 8, 2, 1, '2021-11-05 14:40:34', '2021-11-05 14:40:34'),
(155, 2019, '29.44', 9, 2, 1, '2021-11-05 14:40:34', '2021-11-05 14:40:34'),
(156, 2019, '12.40', 10, 2, 1, '2021-11-05 14:40:34', '2021-11-05 14:40:34'),
(157, 2019, '7.32', 11, 2, 1, '2021-11-05 14:40:34', '2021-11-05 14:40:34'),
(158, 2019, '49.88', 12, 2, 1, '2021-11-05 14:40:34', '2021-11-05 14:40:34'),
(159, 2019, '1.46', 13, 2, 1, '2021-11-05 14:40:34', '2021-11-05 14:40:34'),
(160, 2019, '167.11', 14, 2, 1, '2021-11-05 14:40:34', '2021-11-05 14:40:34'),
(161, 2019, '0.30', 15, 2, 1, '2021-11-05 14:40:34', '2021-11-05 14:40:34'),
(162, 2019, '0.18', 16, 2, 1, '2021-11-05 14:40:34', '2021-11-05 14:40:34'),
(163, 2019, '0.28', 17, 2, 1, '2021-11-05 14:40:35', '2021-11-05 14:40:35'),
(164, 2019, '0.72', 18, 2, 1, '2021-11-05 14:40:35', '2021-11-05 14:40:35'),
(165, 2019, '0.39', 19, 2, 1, '2021-11-05 14:40:35', '2021-11-05 14:40:35'),
(166, 2019, '23.84', 20, 2, 1, '2021-11-05 14:40:35', '2021-11-05 14:40:35'),
(167, 2019, '0.31', 21, 2, 1, '2021-11-05 14:40:35', '2021-11-05 14:40:35'),
(168, 2019, '306.51', 22, 2, 1, '2021-11-05 14:40:35', '2021-11-05 14:40:35'),
(169, 2019, '0.20', 23, 2, 1, '2021-11-05 14:40:35', '2021-11-05 14:40:35'),
(170, 2019, '0.14', 24, 2, 1, '2021-11-05 14:40:35', '2021-11-05 14:40:35'),
(171, 2019, '0.43', 25, 2, 1, '2021-11-05 14:40:36', '2021-11-05 14:40:36'),
(182, 2018, '3.83', 1, 1, 1, '2021-11-05 14:49:55', '2021-11-05 14:49:55'),
(183, 2018, '3.83', 2, 1, 1, '2021-11-05 14:49:55', '2021-11-05 14:49:55'),
(184, 2018, '0.63', 3, 1, 1, '2021-11-05 14:49:55', '2021-11-05 14:49:55'),
(185, 2018, '2.63', 4, 1, 1, '2021-11-05 14:49:55', '2021-11-05 14:49:55'),
(186, 2018, '657.23', 5, 1, 1, '2021-11-05 14:49:55', '2021-11-05 14:49:55'),
(187, 2018, '29478.50', 6, 1, 1, '2021-11-05 14:49:55', '2021-11-05 14:49:55'),
(188, 2018, '0.00', 7, 1, 1, '2021-11-05 14:49:55', '2021-11-05 14:49:55'),
(189, 2018, '0.00', 8, 1, 1, '2021-11-05 14:49:55', '2021-11-05 14:49:55'),
(190, 2018, '27.23', 9, 1, 1, '2021-11-05 14:49:56', '2021-11-05 14:49:56'),
(191, 2018, '13.41', 10, 1, 1, '2021-11-05 14:49:56', '2021-11-05 14:49:56'),
(192, 2018, '56.50', 11, 1, 1, '2021-11-05 14:49:56', '2021-11-05 14:49:56'),
(193, 2018, '6.46', 12, 1, 1, '2021-11-05 14:49:56', '2021-11-05 14:49:56'),
(194, 2018, '3.19', 13, 1, 1, '2021-11-05 14:49:56', '2021-11-05 14:49:56'),
(195, 2018, '78.58', 14, 1, 1, '2021-11-05 14:49:56', '2021-11-05 14:49:56'),
(196, 2018, '0.20', 15, 1, 1, '2021-11-05 14:49:57', '2021-11-05 14:49:57'),
(197, 2018, '0.08', 16, 1, 1, '2021-11-05 14:49:57', '2021-11-05 14:49:57'),
(198, 2018, '0.44', 17, 1, 1, '2021-11-05 14:49:57', '2021-11-05 14:49:57'),
(199, 2018, '0.56', 18, 1, 1, '2021-11-05 14:49:57', '2021-11-05 14:49:57'),
(200, 2018, '0.80', 19, 1, 1, '2021-11-05 14:49:57', '2021-11-05 14:49:57'),
(201, 2018, '112.49', 20, 1, 1, '2021-11-05 14:49:57', '2021-11-05 14:49:57'),
(202, 2018, '0.31', 21, 1, 1, '2021-11-05 14:49:57', '2021-11-05 14:49:57'),
(203, 2018, '80.39', 22, 1, 1, '2021-11-05 14:49:57', '2021-11-05 14:49:57'),
(204, 2018, '0.17', 23, 1, 1, '2021-11-05 14:49:57', '2021-11-05 14:49:57'),
(205, 2018, '0.05', 24, 1, 1, '2021-11-05 14:49:58', '2021-11-05 14:49:58'),
(206, 2018, '0.25', 25, 1, 1, '2021-11-05 14:49:58', '2021-11-05 14:49:58'),
(207, 2019, '4.34', 1, 1, 1, '2021-11-05 14:49:58', '2021-11-05 14:49:58'),
(208, 2019, '4.34', 2, 1, 1, '2021-11-05 14:49:58', '2021-11-05 14:49:58'),
(209, 2019, '0.61', 3, 1, 1, '2021-11-05 14:49:58', '2021-11-05 14:49:58'),
(210, 2019, '2.88', 4, 1, 1, '2021-11-05 14:49:58', '2021-11-05 14:49:58'),
(211, 2019, '487.90', 5, 1, 1, '2021-11-05 14:49:58', '2021-11-05 14:49:58'),
(212, 2019, '26284.00', 6, 1, 1, '2021-11-05 14:49:58', '2021-11-05 14:49:58'),
(213, 2019, '0.00', 7, 1, 1, '2021-11-05 14:49:58', '2021-11-05 14:49:58'),
(214, 2019, '0.00', 8, 1, 1, '2021-11-05 14:49:59', '2021-11-05 14:49:59'),
(215, 2019, '24.74', 9, 1, 1, '2021-11-05 14:49:59', '2021-11-05 14:49:59'),
(216, 2019, '14.75', 10, 1, 1, '2021-11-05 14:49:59', '2021-11-05 14:49:59'),
(217, 2019, '41.18', 11, 1, 1, '2021-11-05 14:49:59', '2021-11-05 14:49:59'),
(218, 2019, '8.86', 12, 1, 1, '2021-11-05 14:49:59', '2021-11-05 14:49:59'),
(219, 2019, '3.13', 13, 1, 1, '2021-11-05 14:49:59', '2021-11-05 14:49:59'),
(220, 2019, '76.25', 14, 1, 1, '2021-11-05 14:49:59', '2021-11-05 14:49:59'),
(221, 2019, '0.20', 15, 1, 1, '2021-11-05 14:49:59', '2021-11-05 14:49:59'),
(222, 2019, '0.05', 16, 1, 1, '2021-11-05 14:49:59', '2021-11-05 14:49:59'),
(223, 2019, '0.28', 17, 1, 1, '2021-11-05 14:50:00', '2021-11-05 14:50:00'),
(224, 2019, '0.72', 18, 1, 1, '2021-11-05 14:50:00', '2021-11-05 14:50:00'),
(225, 2019, '0.38', 19, 1, 1, '2021-11-05 14:50:00', '2021-11-05 14:50:00'),
(226, 2019, '10.03', 20, 1, 1, '2021-11-05 14:50:00', '2021-11-05 14:50:00'),
(227, 2019, '0.18', 21, 1, 1, '2021-11-05 14:50:00', '2021-11-05 14:50:00'),
(228, 2019, '50.71', 22, 1, 1, '2021-11-05 14:50:00', '2021-11-05 14:50:00'),
(229, 2019, '0.11', 23, 1, 1, '2021-11-05 14:50:00', '2021-11-05 14:50:00'),
(230, 2019, '0.04', 24, 1, 1, '2021-11-05 14:50:00', '2021-11-05 14:50:00'),
(231, 2019, '0.25', 25, 1, 1, '2021-11-05 14:50:00', '2021-11-05 14:50:00');


